Summary,Issue key,Issue id,Issue Type,Status,Project key,Project name,Project type,Project lead,Project lead id,Project description,Priority,Resolution,Assignee,Assignee Id,Reporter,Reporter Id,Creator,Creator Id,Created,Updated,Last Viewed,Resolved,Due date,Votes,Labels,Description,Environment,Watchers,Watchers Id,Original estimate,Remaining Estimate,Time Spent,Work Ratio,Σ Original Estimate,Σ Remaining Estimate,Σ Time Spent,Security Level,Custom field (Acceptance Criteria),Custom field (Acceptance Criteria),Custom field (Acceptance Criteria),Custom field (Acceptance Criteria),Custom field (Acceptance Criteria),Custom field (Acceptance Criteria),Custom field (Acceptance Criteria:),Custom field (Actual end),Custom field (Actual start),Custom field (Affected services),Custom field (Amount),Custom field (Approvals),Custom field (Atlassian project),Custom field (Atlassian project status),Custom field (Audience),Custom field (Campaign assets),Custom field (Campaign goals),Custom field (Category),Custom field (Change reason),Custom field (Change risk),Custom field (Change type),Custom field (Comments),Custom field (Delivery progress),Custom field (Delivery status),Custom field (Design file),Custom field (Design file),Custom field (Designs ready),Custom field (Designs ready),Custom field (Details),Custom field (Development),Custom field (Documents),Custom field (Documents),Custom field (Effort),Custom field (Effort),Custom field (Environment),Custom field (Environment),Custom field (Epic Color),Custom field (Epic Name),Custom field (Epic Status),Custom field (Error Handling),Custom field (Error Handling),Custom field (Error Handling),Custom field (Error Handling),Custom field (Focus Areas),Custom field (Format),Custom field (Goals),Custom field (Idea archived),Custom field (Idea archived on),Custom field (Idea short description),Custom field (Idea short description),Custom field (Impact),Custom field (Impact),Custom field (Impact),Custom field (Insights),Custom field (Issue color),Custom field (Linked items),Custom field (Locked forms),Custom field (Open forms),Custom field (Pending reason),Custom field (Project overview key),Custom field (Project overview status),Custom field (Project start),Custom field (Project start),Custom field (Project target),Custom field (Project target),Custom field (Rank),Custom field (Related projects),Custom field (Request Type),Custom field (Request language),Custom field (Request participants),Custom field (Roadmap),Custom field (Roadmap),Satisfaction rating,Custom field (Satisfaction date),Custom field (Score),Custom field (Score),Custom field (Sentiment),Custom field (Start date),Custom field (State),Custom field (State),Custom field (Steps to reproduce),Custom field (Steps to reproduce),Custom field (Story Points),Custom field (Story point estimate),Custom field (Submitted forms),Custom field (Target end),Custom field (Target start),Custom field (Team),Custom field (Time to first response),Custom field (Time to resolution),Custom field (Total forms),Custom field (Type),Custom field (Urgency),Custom field (Vulnerability),Custom field (Work category),Custom field ([CHART] Date of First Response),Custom field ([CHART] Time in Status),Parent,Parent key,Parent summary,Status Category,Status Category Changed
Discovery,DAN-13,10625,Epic,To Do,DAN,danpics,software,Jamie Walker,712020:c1a18936-7c41-4504-b38f-e0d70bf5f939,Your first project,Medium,,,,Jamie Walker,712020:c1a18936-7c41-4504-b38f-e0d70bf5f939,Jamie Walker,712020:c1a18936-7c41-4504-b38f-e0d70bf5f939,27/Apr/26 7:22 PM,27/Apr/26 7:22 PM,27/Apr/26 9:40 PM,,,0,discovery,"This epic covers all discovery activities required to establish clear project vision, gather stakeholder requirements, define user roles and permissions, create user journeys and wireframes, and publish a signed-off Software Requirements Specification (SRS) and initial backlog. Successful completion of this epic is a prerequisite for all implementation epics.",,Jamie Walker,712020:c1a18936-7c41-4504-b38f-e0d70bf5f939,,,,,,,,,,,,,,,,,,,,com.atlassian.servicedesk.plugins.approvals.internal.customfield.ApprovalsCFValue@7dc8d894,,,,,,,,,,,,,,,,,,,,,,,,,,,,,,,,,,,,,,,,,,,purple,,,,,,,,,,,0|i001q7:,,,,,,,,,,,,,,,,,,,,,,,,,,,,,,,,,,,To Do,27/Apr/26 7:22 PM
Project Foundation & Infrastructure Setup,DAN-14,10626,Epic,To Do,DAN,danpics,software,Jamie Walker,712020:c1a18936-7c41-4504-b38f-e0d70bf5f939,Your first project,Medium,,,,Jamie Walker,712020:c1a18936-7c41-4504-b38f-e0d70bf5f939,Jamie Walker,712020:c1a18936-7c41-4504-b38f-e0d70bf5f939,27/Apr/26 7:22 PM,27/Apr/26 7:22 PM,,,,0,"infrastructure,foundation","This epic establishes the foundational technical infrastructure and project scaffolding. It includes setting up the Flutter mobile application structure, configuring environment variables for dev/test/prod, establishing authentication and API schema foundations, implementing a CI/CD pipeline, and enabling logging and monitoring. These components underpin all subsequent development work.",,Jamie Walker,712020:c1a18936-7c41-4504-b38f-e0d70bf5f939,,,,,,,,,,,,,,,,,,,,com.atlassian.servicedesk.plugins.approvals.internal.customfield.ApprovalsCFValue@65b07bf6,,,,,,,,,,,,,,,,,,,,,,,,,,,,,,,,,,,,,,,,,,,purple,,,,,,,,,,,0|i001qf:,,,,,,,,,,,,,,,,,,,,,,,,,,,,,,,,,,,To Do,27/Apr/26 7:22 PM
Authentication & Agent Account Management,DAN-15,10627,Epic,To Do,DAN,danpics,software,Jamie Walker,712020:c1a18936-7c41-4504-b38f-e0d70bf5f939,Your first project,Medium,,,,Jamie Walker,712020:c1a18936-7c41-4504-b38f-e0d70bf5f939,Jamie Walker,712020:c1a18936-7c41-4504-b38f-e0d70bf5f939,27/Apr/26 7:22 PM,27/Apr/26 7:22 PM,27/Apr/26 9:27 PM,,,0,"authentication,security","This epic delivers secure agent authentication and account management capabilities. It includes agent login with credential validation, self-service password reset, agent profile management, and role-based access control enforcement to ensure agents and admins can only access permitted features.",,Jamie Walker,712020:c1a18936-7c41-4504-b38f-e0d70bf5f939,,,,,,,,,,,,,,,,,,,,com.atlassian.servicedesk.plugins.approvals.internal.customfield.ApprovalsCFValue@4e9ff98d,,,,,,,,,,,,,,,,,,,,,,,,,,,,,,,,,,,,,,,,,,,purple,,,,,,,,,,,0|i001qn:,,,,,,,,,,,,,,,,,,,,,,,,,,,,,,,,,,,To Do,27/Apr/26 7:22 PM
Booking Request Creation,DAN-16,10628,Epic,To Do,DAN,danpics,software,Jamie Walker,712020:c1a18936-7c41-4504-b38f-e0d70bf5f939,Your first project,Medium,,,,Jamie Walker,712020:c1a18936-7c41-4504-b38f-e0d70bf5f939,Jamie Walker,712020:c1a18936-7c41-4504-b38f-e0d70bf5f939,27/Apr/26 7:22 PM,27/Apr/26 7:22 PM,,,,0,"booking,agent","This epic enables real estate agents to create photography booking requests through a multi-step form. It covers initiating a booking request, entering property address and details, selecting preferred date and time, choosing from available service packages, adding optional notes, and receiving submission confirmation with booking reference details.",,Jamie Walker,712020:c1a18936-7c41-4504-b38f-e0d70bf5f939,,,,,,,,,,,,,,,,,,,,com.atlassian.servicedesk.plugins.approvals.internal.customfield.ApprovalsCFValue@4e6d982,,,,,,,,,,,,,,,,,,,,,,,,,,,,,,,,,,,,,,,,,,,purple,,,,,,,,,,,0|i001qv:,,,,,,,,,,,,,,,,,,,,,,,,,,,,,,,,,,,To Do,27/Apr/26 7:22 PM
Booking Tracking & Status Management,DAN-17,10629,Epic,To Do,DAN,danpics,software,Jamie Walker,712020:c1a18936-7c41-4504-b38f-e0d70bf5f939,Your first project,Medium,,,,Jamie Walker,712020:c1a18936-7c41-4504-b38f-e0d70bf5f939,Jamie Walker,712020:c1a18936-7c41-4504-b38f-e0d70bf5f939,27/Apr/26 7:22 PM,27/Apr/26 7:22 PM,,,,0,"booking,tracking","This epic provides agents with full visibility into their booking requests. It covers viewing a list of all current and historical bookings, accessing detailed booking information, tracking real-time status changes, and reviewing the full booking event history in chronological order.",,Jamie Walker,712020:c1a18936-7c41-4504-b38f-e0d70bf5f939,,,,,,,,,,,,,,,,,,,,com.atlassian.servicedesk.plugins.approvals.internal.customfield.ApprovalsCFValue@5ec97555,,,,,,,,,,,,,,,,,,,,,,,,,,,,,,,,,,,,,,,,,,,purple,,,,,,,,,,,0|i001r3:,,,,,,,,,,,,,,,,,,,,,,,,,,,,,,,,,,,To Do,27/Apr/26 7:22 PM
Admin Booking Management Portal,DAN-18,10630,Epic,To Do,DAN,danpics,software,Jamie Walker,712020:c1a18936-7c41-4504-b38f-e0d70bf5f939,Your first project,Medium,,,,Jamie Walker,712020:c1a18936-7c41-4504-b38f-e0d70bf5f939,Jamie Walker,712020:c1a18936-7c41-4504-b38f-e0d70bf5f939,27/Apr/26 7:22 PM,27/Apr/26 7:22 PM,,,,0,"admin,booking","This epic delivers the operations team's admin portal for managing photography bookings. It includes a summary dashboard with booking metrics, a queue for reviewing incoming requests, tools to update booking statuses, the ability to add internal operational notes, and search/filter capabilities to locate specific booking records efficiently.",,Jamie Walker,712020:c1a18936-7c41-4504-b38f-e0d70bf5f939,,,,,,,,,,,,,,,,,,,,com.atlassian.servicedesk.plugins.approvals.internal.customfield.ApprovalsCFValue@6cd18b84,,,,,,,,,,,,,,,,,,,,,,,,,,,,,,,,,,,,,,,,,,,purple,,,,,,,,,,,0|i001rb:,,,,,,,,,,,,,,,,,,,,,,,,,,,,,,,,,,,To Do,27/Apr/26 7:22 PM
Messaging & Notifications,DAN-19,10631,Epic,To Do,DAN,danpics,software,Jamie Walker,712020:c1a18936-7c41-4504-b38f-e0d70bf5f939,Your first project,Medium,,,,Jamie Walker,712020:c1a18936-7c41-4504-b38f-e0d70bf5f939,Jamie Walker,712020:c1a18936-7c41-4504-b38f-e0d70bf5f939,27/Apr/26 7:22 PM,27/Apr/26 7:22 PM,,,,0,"messaging,notifications","This epic covers in-platform messaging and automated notification delivery. It includes agent enquiry submission against bookings, booking confirmation notifications to agents, status-change alerts, and email notifications triggered by key booking lifecycle events for consistent and auditable communication.",,Jamie Walker,712020:c1a18936-7c41-4504-b38f-e0d70bf5f939,,,,,,,,,,,,,,,,,,,,com.atlassian.servicedesk.plugins.approvals.internal.customfield.ApprovalsCFValue@6fabac90,,,,,,,,,,,,,,,,,,,,,,,,,,,,,,,,,,,,,,,,,,,purple,,,,,,,,,,,0|i001rj:,,,,,,,,,,,,,,,,,,,,,,,,,,,,,,,,,,,To Do,27/Apr/26 7:22 PM
"Services, Packages & Pricing Rules",DAN-20,10632,Epic,To Do,DAN,danpics,software,Jamie Walker,712020:c1a18936-7c41-4504-b38f-e0d70bf5f939,Your first project,Medium,,,,Jamie Walker,712020:c1a18936-7c41-4504-b38f-e0d70bf5f939,Jamie Walker,712020:c1a18936-7c41-4504-b38f-e0d70bf5f939,27/Apr/26 7:22 PM,27/Apr/26 7:22 PM,,,,0,"services,pricing","This epic enables admin management of the service catalogue, package configuration, and pricing rules. It covers creating and editing service offerings, configuring bundled service packages, applying special pricing for negotiated agent accounts, and displaying a line-item pricing breakdown to agents before booking submission.",,Jamie Walker,712020:c1a18936-7c41-4504-b38f-e0d70bf5f939,,,,,,,,,,,,,,,,,,,,com.atlassian.servicedesk.plugins.approvals.internal.customfield.ApprovalsCFValue@5a5f0868,,,,,,,,,,,,,,,,,,,,,,,,,,,,,,,,,,,,,,,,,,,purple,,,,,,,,,,,0|i001rr:,,,,,,,,,,,,,,,,,,,,,,,,,,,,,,,,,,,To Do,27/Apr/26 7:22 PM
Floor Plan Upload & Barfoot Integration,DAN-21,10633,Epic,To Do,DAN,danpics,software,Jamie Walker,712020:c1a18936-7c41-4504-b38f-e0d70bf5f939,Your first project,Medium,,,,Jamie Walker,712020:c1a18936-7c41-4504-b38f-e0d70bf5f939,Jamie Walker,712020:c1a18936-7c41-4504-b38f-e0d70bf5f939,27/Apr/26 7:22 PM,27/Apr/26 7:22 PM,27/Apr/26 9:38 PM,,,0,"integration,barfoot","This epic delivers the floor plan upload workflow and integration with Barfoot & Thompson's listing platform. It covers uploading floor plan image files, entering a Barfoot listing ID for mapping, pushing the floor plan to the target listing's media tabs, replacing an existing floor plan, and validating API access and integration testing.",,Jamie Walker,712020:c1a18936-7c41-4504-b38f-e0d70bf5f939,,,,,,,,,,,,,,,,,,,,com.atlassian.servicedesk.plugins.approvals.internal.customfield.ApprovalsCFValue@7a432869,,,,,,,,,,,,,,,,,,,,,,,,,,,,,,,,,,,,,,,,,,,purple,,,,,,,,,,,0|i001rz:,,,,,,,,,,,,,,,,,,,,,,,,,,,,,,,,,,,To Do,27/Apr/26 7:22 PM
Ubookr Third-Party Integration,DAN-22,10634,Epic,To Do,DAN,danpics,software,Jamie Walker,712020:c1a18936-7c41-4504-b38f-e0d70bf5f939,Your first project,Medium,,,,Jamie Walker,712020:c1a18936-7c41-4504-b38f-e0d70bf5f939,Jamie Walker,712020:c1a18936-7c41-4504-b38f-e0d70bf5f939,27/Apr/26 7:22 PM,27/Apr/26 7:22 PM,,,,0,"integration,ubookr","This epic covers the assessment and implementation of optional data sync with the Ubookr third-party booking platform. It includes discovering integration requirements and feasibility, implementing booking data synchronization, and handling integration errors with appropriate logging and manual follow-up support. This is an optional delivery phase.",,Jamie Walker,712020:c1a18936-7c41-4504-b38f-e0d70bf5f939,,,,,,,,,,,,,,,,,,,,com.atlassian.servicedesk.plugins.approvals.internal.customfield.ApprovalsCFValue@4c80c8c4,,,,,,,,,,,,,,,,,,,,,,,,,,,,,,,,,,,,,,,,,,,purple,,,,,,,,,,,0|i001s7:,,,,,,,,,,,,,,,,,,,,,,,,,,,,,,,,,,,To Do,27/Apr/26 7:22 PM
"QA, UAT & Release Readiness",DAN-23,10635,Epic,To Do,DAN,danpics,software,Jamie Walker,712020:c1a18936-7c41-4504-b38f-e0d70bf5f939,Your first project,Medium,,,,Jamie Walker,712020:c1a18936-7c41-4504-b38f-e0d70bf5f939,Jamie Walker,712020:c1a18936-7c41-4504-b38f-e0d70bf5f939,27/Apr/26 7:22 PM,27/Apr/26 7:22 PM,,,,0,"qa,uat,testing","This epic ensures the platform meets quality and acceptance standards before launch. It covers executing functional and device compatibility testing, remediating defects identified during QA and UAT, performing formal user acceptance testing with business stakeholders, and completing a release readiness checklist to confirm all launch prerequisites are satisfied.",,Jamie Walker,712020:c1a18936-7c41-4504-b38f-e0d70bf5f939,,,,,,,,,,,,,,,,,,,,com.atlassian.servicedesk.plugins.approvals.internal.customfield.ApprovalsCFValue@2e8fa449,,,,,,,,,,,,,,,,,,,,,,,,,,,,,,,,,,,,,,,,,,,purple,,,,,,,,,,,0|i001sf:,,,,,,,,,,,,,,,,,,,,,,,,,,,,,,,,,,,To Do,27/Apr/26 7:22 PM
Launch & Deployment,DAN-24,10636,Epic,To Do,DAN,danpics,software,Jamie Walker,712020:c1a18936-7c41-4504-b38f-e0d70bf5f939,Your first project,Medium,,,,Jamie Walker,712020:c1a18936-7c41-4504-b38f-e0d70bf5f939,Jamie Walker,712020:c1a18936-7c41-4504-b38f-e0d70bf5f939,27/Apr/26 7:22 PM,27/Apr/26 7:22 PM,,,,0,"launch,deployment","This epic covers the final production deployment and go-live activities. It includes deploying the application to the production environment, providing active go-live monitoring and support to stabilize the platform during launch, and preparing handover documentation including runbooks, support contacts, and operational procedures for the ongoing operations team.",,Jamie Walker,712020:c1a18936-7c41-4504-b38f-e0d70bf5f939,,,,,,,,,,,,,,,,,,,,com.atlassian.servicedesk.plugins.approvals.internal.customfield.ApprovalsCFValue@64f7290f,,,,,,,,,,,,,,,,,,,,,,,,,,,,,,,,,,,,,,,,,,,purple,,,,,,,,,,,0|i001sn:,,,,,,,,,,,,,,,,,,,,,,,,,,,,,,,,,,,To Do,27/Apr/26 7:22 PM
Define Project Vision,DAN-25,10637,Story,To Do,DAN,danpics,software,Jamie Walker,712020:c1a18936-7c41-4504-b38f-e0d70bf5f939,Your first project,Medium,,,,Jamie Walker,712020:c1a18936-7c41-4504-b38f-e0d70bf5f939,Jamie Walker,712020:c1a18936-7c41-4504-b38f-e0d70bf5f939,27/Apr/26 7:22 PM,27/Apr/26 9:19 PM,,,,0,discovery,"User Story:
As a product owner, I want to document the project vision and success criteria, so that I can align stakeholders on what the platform must achieve.

Acceptance Criteria:
1. Given stakeholder objectives are collected, when I review the project vision, then I can see measurable outcomes and scope boundaries.
2. Given delivery planning starts, when the team references the vision, then roadmap decisions align to agreed business goals.",,Jamie Walker,712020:c1a18936-7c41-4504-b38f-e0d70bf5f939,,,,,,,,,,,,,,,,,,,,com.atlassian.servicedesk.plugins.approvals.internal.customfield.ApprovalsCFValue@34d62a4c,,,,,,,,,,,,,,,,,,,,,,,,,,,,,,,,,,,,,,,,,,,,,,,,,,,,,,0|i001sv:,,,,,,,,,,,,,,,,,,3.0,,,,,,,,,,,,,,10625,DAN-13,Discovery,To Do,27/Apr/26 7:22 PM
Gather Requirements,DAN-26,10638,Story,To Do,DAN,danpics,software,Jamie Walker,712020:c1a18936-7c41-4504-b38f-e0d70bf5f939,Your first project,Medium,,,,Jamie Walker,712020:c1a18936-7c41-4504-b38f-e0d70bf5f939,Jamie Walker,712020:c1a18936-7c41-4504-b38f-e0d70bf5f939,27/Apr/26 7:22 PM,27/Apr/26 9:19 PM,,,,0,discovery,"User Story:
As a business analyst, I want to gather and consolidate detailed requirements from stakeholders, so that I can produce a complete and actionable scope baseline.

Acceptance Criteria:
1. Given stakeholder interviews and emails are available, when I compile requirements, then all functional and non-functional requirements are captured in one place.
2. Given conflicting inputs exist, when I document requirements, then unresolved items are clearly marked as open questions.",,Jamie Walker,712020:c1a18936-7c41-4504-b38f-e0d70bf5f939,,,,,,,,,,,,,,,,,,,,com.atlassian.servicedesk.plugins.approvals.internal.customfield.ApprovalsCFValue@3358f232,,,,,,,,,,,,,,,,,,,,,,,,,,,,,,,,,,,,,,,,,,,,,,,,,,,,,,0|i001t3:,,,,,,,,,,,,,,,,,,2.0,,,,,,,,,,,,,,10625,DAN-13,Discovery,To Do,27/Apr/26 7:22 PM
Define User Roles & Permissions,DAN-27,10639,Story,To Do,DAN,danpics,software,Jamie Walker,712020:c1a18936-7c41-4504-b38f-e0d70bf5f939,Your first project,Medium,,,,Jamie Walker,712020:c1a18936-7c41-4504-b38f-e0d70bf5f939,Jamie Walker,712020:c1a18936-7c41-4504-b38f-e0d70bf5f939,27/Apr/26 7:23 PM,27/Apr/26 9:25 PM,,,,0,"discovery,security","User Story:
As a solution architect, I want to define user roles and permissions, so that I can enforce appropriate access control across the platform.

Acceptance Criteria:
1. Given role definitions are drafted, when I validate access rules, then agent and admin permissions are clearly separated.
2. Given security review is performed, when role matrices are inspected, then each key function has an authorized role assigned.",,Jamie Walker,712020:c1a18936-7c41-4504-b38f-e0d70bf5f939,,,,,,,,,,,,,,,,,,,,com.atlassian.servicedesk.plugins.approvals.internal.customfield.ApprovalsCFValue@45c2f404,,,,,,,,,,,,,,,,,,,,,,,,,,,,,,,,,,,,,,,,,,,,,,,,,,,,,,0|i001tb:,,,,,,,,,,,,,,,,,,1.0,,,,,,,,,,,,,,10625,DAN-13,Discovery,To Do,27/Apr/26 7:23 PM
Create User Journeys & Wireframes,DAN-28,10640,Story,To Do,DAN,danpics,software,Jamie Walker,712020:c1a18936-7c41-4504-b38f-e0d70bf5f939,Your first project,Medium,,,,Jamie Walker,712020:c1a18936-7c41-4504-b38f-e0d70bf5f939,Jamie Walker,712020:c1a18936-7c41-4504-b38f-e0d70bf5f939,27/Apr/26 7:23 PM,27/Apr/26 9:26 PM,,,,0,"discovery,ux","User Story:
As a UX designer, I want to map user journeys and produce wireframes for key screens, so that I can validate flow and usability before development.

Acceptance Criteria:
1. Given core workflows are identified, when I complete journey maps, then each critical path includes start, decision, and completion states.
2. Given wireframes are reviewed, when stakeholders provide feedback, then required changes are tracked for scope refinement.",,Jamie Walker,712020:c1a18936-7c41-4504-b38f-e0d70bf5f939,,,,,,,,,,,,,,,,,,,,com.atlassian.servicedesk.plugins.approvals.internal.customfield.ApprovalsCFValue@37b0b6a8,,,,,,,,,,,,,,,,,,,,,,,,,,,,,,,,,,,,,,,,,,,,,,,,,,,,,,0|i001tj:,,,,,,,,,,,,,,,,,,5.0,,,,,,,,,,,,,,10625,DAN-13,Discovery,To Do,27/Apr/26 7:23 PM
Publish SRS and Initial Backlog,DAN-29,10641,Story,To Do,DAN,danpics,software,Jamie Walker,712020:c1a18936-7c41-4504-b38f-e0d70bf5f939,Your first project,Medium,,,,Jamie Walker,712020:c1a18936-7c41-4504-b38f-e0d70bf5f939,Jamie Walker,712020:c1a18936-7c41-4504-b38f-e0d70bf5f939,27/Apr/26 7:23 PM,27/Apr/26 9:26 PM,27/Apr/26 9:26 PM,,,0,discovery,"User Story:
As a project manager, I want to publish an SRS and initial backlog, so that I can move the team into implementation with signed-off scope.

Acceptance Criteria:
1. Given discovery outputs are finalized, when I publish the SRS, then requirements, constraints, and acceptance expectations are documented.
2. Given delivery planning begins, when Jira stories are reviewed, then each story has clear acceptance criteria and priority.",,Jamie Walker,712020:c1a18936-7c41-4504-b38f-e0d70bf5f939,,,,,,,,,,,,,,,,,,,,com.atlassian.servicedesk.plugins.approvals.internal.customfield.ApprovalsCFValue@6e3a0a07,,,,,,,,,,,,,,,,,,,,,,,,,,,,,,,,,,,,,,,,,,,,,,,,,,,,,,0|i001tr:,,,,,,,,,,,,,,,,,,2.0,,,,,,,,,,,,,,10625,DAN-13,Discovery,To Do,27/Apr/26 7:23 PM
Setup Flutter Project Foundation,DAN-30,10642,Story,To Do,DAN,danpics,software,Jamie Walker,712020:c1a18936-7c41-4504-b38f-e0d70bf5f939,Your first project,Medium,,,,Jamie Walker,712020:c1a18936-7c41-4504-b38f-e0d70bf5f939,Jamie Walker,712020:c1a18936-7c41-4504-b38f-e0d70bf5f939,27/Apr/26 7:23 PM,27/Apr/26 9:26 PM,27/Apr/26 9:26 PM,,,0,"foundation,flutter","User Story:
As a developer, I want to establish the Flutter project foundation, so that I can build features on a consistent application structure.

Acceptance Criteria:
1. Given repository setup is complete, when I run the app locally, then the baseline project builds successfully.
2. Given new contributors join, when they inspect project structure, then core modules and conventions are clearly organized.",,Jamie Walker,712020:c1a18936-7c41-4504-b38f-e0d70bf5f939,,,,,,,,,,,,,,,,,,,,com.atlassian.servicedesk.plugins.approvals.internal.customfield.ApprovalsCFValue@1d5e1ddf,,,,,,,,,,,,,,,,,,,,,,,,,,,,,,,,,,,,,,,,,,,,,,,,,,,,,,0|i001tz:,,,,,,,,,,,,,,,,,,3.0,,,,,,,,,,,,,,10626,DAN-14,Project Foundation & Infrastructure Setup,To Do,27/Apr/26 7:23 PM
Configure Environments,DAN-31,10643,Story,To Do,DAN,danpics,software,Jamie Walker,712020:c1a18936-7c41-4504-b38f-e0d70bf5f939,Your first project,Medium,,,,Jamie Walker,712020:c1a18936-7c41-4504-b38f-e0d70bf5f939,Jamie Walker,712020:c1a18936-7c41-4504-b38f-e0d70bf5f939,27/Apr/26 7:23 PM,27/Apr/26 9:26 PM,27/Apr/26 9:26 PM,,,0,"infrastructure,devops","User Story:
As a DevOps engineer, I want to configure development, test, and production environments, so that I can support safe and predictable deployments.

Acceptance Criteria:
1. Given environment variables are defined, when each environment is deployed, then environment-specific settings are correctly applied.
2. Given a release is prepared, when configuration is validated, then no production secrets are exposed in lower environments.",,Jamie Walker,712020:c1a18936-7c41-4504-b38f-e0d70bf5f939,,,,,,,,,,,,,,,,,,,,com.atlassian.servicedesk.plugins.approvals.internal.customfield.ApprovalsCFValue@9ca5465,,,,,,,,,,,,,,,,,,,,,,,,,,,,,,,,,,,,,,,,,,,,,,,,,,,,,,0|i001u7:,,,,,,,,,,,,,,,,,,3.0,,,,,,,,,,,,,,10626,DAN-14,Project Foundation & Infrastructure Setup,To Do,27/Apr/26 7:23 PM
Setup Auth & API Schema Foundations,DAN-32,10644,Story,To Do,DAN,danpics,software,Jamie Walker,712020:c1a18936-7c41-4504-b38f-e0d70bf5f939,Your first project,Medium,,,,Jamie Walker,712020:c1a18936-7c41-4504-b38f-e0d70bf5f939,Jamie Walker,712020:c1a18936-7c41-4504-b38f-e0d70bf5f939,27/Apr/26 7:23 PM,27/Apr/26 9:26 PM,27/Apr/26 9:26 PM,,,0,"foundation,authentication","User Story:
As a backend engineer, I want to configure authentication and API schema foundations, so that I can support secure and structured data access.

Acceptance Criteria:
1. Given auth configuration is implemented, when a valid user signs in, then authenticated requests are accepted.
2. Given API schema definitions are created, when data operations are executed, then requests conform to the schema rules.",,Jamie Walker,712020:c1a18936-7c41-4504-b38f-e0d70bf5f939,,,,,,,,,,,,,,,,,,,,com.atlassian.servicedesk.plugins.approvals.internal.customfield.ApprovalsCFValue@64970dcd,,,,,,,,,,,,,,,,,,,,,,,,,,,,,,,,,,,,,,,,,,,,,,,,,,,,,,0|i001uf:,,,,,,,,,,,,,,,,,,3.0,,,,,,,,,,,,,,10626,DAN-14,Project Foundation & Infrastructure Setup,To Do,27/Apr/26 7:23 PM
Setup CI/CD Pipeline,DAN-33,10645,Story,To Do,DAN,danpics,software,Jamie Walker,712020:c1a18936-7c41-4504-b38f-e0d70bf5f939,Your first project,Medium,,,,Jamie Walker,712020:c1a18936-7c41-4504-b38f-e0d70bf5f939,Jamie Walker,712020:c1a18936-7c41-4504-b38f-e0d70bf5f939,27/Apr/26 7:23 PM,27/Apr/26 9:27 PM,27/Apr/26 9:27 PM,,,0,"infrastructure,cicd","User Story:
As an engineering lead, I want to establish a CI/CD pipeline, so that I can automate builds, tests, and deployments.

Acceptance Criteria:
1. Given source changes are pushed, when CI runs, then linting and tests execute automatically.
2. Given a release branch is approved, when CD runs, then deployment is triggered to the target environment.",,Jamie Walker,712020:c1a18936-7c41-4504-b38f-e0d70bf5f939,,,,,,,,,,,,,,,,,,,,com.atlassian.servicedesk.plugins.approvals.internal.customfield.ApprovalsCFValue@7ecbdb6b,,,,,,,,,,,,,,,,,,,,,,,,,,,,,,,,,,,,,,,,,,,,,,,,,,,,,,0|i001un:,,,,,,,,,,,,,,,,,,3.0,,,,,,,,,,,,,,10626,DAN-14,Project Foundation & Infrastructure Setup,To Do,27/Apr/26 7:23 PM
Enable Logging & Monitoring,DAN-34,10646,Story,To Do,DAN,danpics,software,Jamie Walker,712020:c1a18936-7c41-4504-b38f-e0d70bf5f939,Your first project,Medium,,,,Jamie Walker,712020:c1a18936-7c41-4504-b38f-e0d70bf5f939,Jamie Walker,712020:c1a18936-7c41-4504-b38f-e0d70bf5f939,27/Apr/26 7:23 PM,27/Apr/26 9:27 PM,27/Apr/26 9:27 PM,,,0,"infrastructure,monitoring","User Story:
As a support engineer, I want to enable logging and error monitoring, so that I can detect and triage production issues quickly.

Acceptance Criteria:
1. Given runtime events occur, when logs are generated, then key actions and failures are traceable.
2. Given an application error occurs, when monitoring alerts trigger, then the support team receives actionable incident data.",,Jamie Walker,712020:c1a18936-7c41-4504-b38f-e0d70bf5f939,,,,,,,,,,,,,,,,,,,,com.atlassian.servicedesk.plugins.approvals.internal.customfield.ApprovalsCFValue@22ee439e,,,,,,,,,,,,,,,,,,,,,,,,,,,,,,,,,,,,,,,,,,,,,,,,,,,,,,0|i001uv:,,,,,,,,,,,,,,,,,,3.0,,,,,,,,,,,,,,10626,DAN-14,Project Foundation & Infrastructure Setup,To Do,27/Apr/26 7:23 PM
Agent Login,DAN-35,10647,Story,To Do,DAN,danpics,software,Jamie Walker,712020:c1a18936-7c41-4504-b38f-e0d70bf5f939,Your first project,Medium,,,,Jamie Walker,712020:c1a18936-7c41-4504-b38f-e0d70bf5f939,Jamie Walker,712020:c1a18936-7c41-4504-b38f-e0d70bf5f939,27/Apr/26 7:23 PM,27/Apr/26 9:27 PM,27/Apr/26 9:27 PM,,,0,"authentication,agent","User Story:
As an agent, I want to sign in securely, so that I can access my bookings and account features.

Acceptance Criteria:
1. Given I have valid credentials, when I submit the login form, then I am authenticated and routed to the app home.
2. Given I enter invalid credentials, when I submit the login form, then I see an error and remain unauthenticated.",,Jamie Walker,712020:c1a18936-7c41-4504-b38f-e0d70bf5f939,,,,,,,,,,,,,,,,,,,,com.atlassian.servicedesk.plugins.approvals.internal.customfield.ApprovalsCFValue@16fe139a,,,,,,,,,,,,,,,,,,,,,,,,,,,,,,,,,,,,,,,,,,,,,,,,,,,,,,0|i001v3:,,,,,,,,,,,,,,,,,,2.0,,,,,,,,,,,,,,10627,DAN-15,Authentication & Agent Account Management,To Do,27/Apr/26 7:23 PM
Password Reset,DAN-36,10648,Story,To Do,DAN,danpics,software,Jamie Walker,712020:c1a18936-7c41-4504-b38f-e0d70bf5f939,Your first project,Medium,,,,Jamie Walker,712020:c1a18936-7c41-4504-b38f-e0d70bf5f939,Jamie Walker,712020:c1a18936-7c41-4504-b38f-e0d70bf5f939,27/Apr/26 7:23 PM,27/Apr/26 9:27 PM,27/Apr/26 9:27 PM,,,0,"authentication,agent","User Story:
As an agent, I want to reset my password, so that I can regain access if I forget my credentials.

Acceptance Criteria:
1. Given I request a password reset, when I submit my registered email, then I receive reset instructions.
2. Given I complete the reset flow, when I set a new valid password, then I can sign in with the updated password.",,Jamie Walker,712020:c1a18936-7c41-4504-b38f-e0d70bf5f939,,,,,,,,,,,,,,,,,,,,com.atlassian.servicedesk.plugins.approvals.internal.customfield.ApprovalsCFValue@2579d1ab,,,,,,,,,,,,,,,,,,,,,,,,,,,,,,,,,,,,,,,,,,,,,,,,,,,,,,0|i001vb:,,,,,,,,,,,,,,,,,,2.0,,,,,,,,,,,,,,10627,DAN-15,Authentication & Agent Account Management,To Do,27/Apr/26 7:23 PM
Manage Agent Profile,DAN-37,10649,Story,To Do,DAN,danpics,software,Jamie Walker,712020:c1a18936-7c41-4504-b38f-e0d70bf5f939,Your first project,Medium,,,,Jamie Walker,712020:c1a18936-7c41-4504-b38f-e0d70bf5f939,Jamie Walker,712020:c1a18936-7c41-4504-b38f-e0d70bf5f939,27/Apr/26 7:23 PM,27/Apr/26 9:27 PM,27/Apr/26 9:27 PM,,,0,"authentication,agent","User Story:
As an agent, I want to manage my profile information, so that I can keep my contact and business details accurate.

Acceptance Criteria:
1. Given I am authenticated, when I update editable profile fields, then changes are saved and shown on reload.
2. Given required fields are incomplete, when I try to save, then I see validation errors.",,Jamie Walker,712020:c1a18936-7c41-4504-b38f-e0d70bf5f939,,,,,,,,,,,,,,,,,,,,com.atlassian.servicedesk.plugins.approvals.internal.customfield.ApprovalsCFValue@431b41fe,,,,,,,,,,,,,,,,,,,,,,,,,,,,,,,,,,,,,,,,,,,,,,,,,,,,,,0|i001vj:,,,,,,,,,,,,,,,,,,3.0,,,,,,,,,,,,,,10627,DAN-15,Authentication & Agent Account Management,To Do,27/Apr/26 7:23 PM
Enforce Role-Based Access Control,DAN-38,10650,Story,To Do,DAN,danpics,software,Jamie Walker,712020:c1a18936-7c41-4504-b38f-e0d70bf5f939,Your first project,Medium,,,,Jamie Walker,712020:c1a18936-7c41-4504-b38f-e0d70bf5f939,Jamie Walker,712020:c1a18936-7c41-4504-b38f-e0d70bf5f939,27/Apr/26 7:23 PM,27/Apr/26 9:27 PM,27/Apr/26 9:27 PM,,,0,"authentication,security,admin","User Story:
As an administrator, I want to enforce role-based access controls, so that I can ensure agents and admins can only access permitted features.

Acceptance Criteria:
1. Given an agent account is logged in, when the user attempts to open admin-only pages, then access is denied.
2. Given an admin account is logged in, when the user opens admin management tools, then access is granted.",,Jamie Walker,712020:c1a18936-7c41-4504-b38f-e0d70bf5f939,,,,,,,,,,,,,,,,,,,,com.atlassian.servicedesk.plugins.approvals.internal.customfield.ApprovalsCFValue@2d8ebbf4,,,,,,,,,,,,,,,,,,,,,,,,,,,,,,,,,,,,,,,,,,,,,,,,,,,,,,0|i001vr:,,,,,,,,,,,,,,,,,,3.0,,,,,,,,,,,,,,10627,DAN-15,Authentication & Agent Account Management,To Do,27/Apr/26 7:23 PM
Create Booking Request,DAN-39,10651,Story,To Do,DAN,danpics,software,Jamie Walker,712020:c1a18936-7c41-4504-b38f-e0d70bf5f939,Your first project,Medium,,,,Jamie Walker,712020:c1a18936-7c41-4504-b38f-e0d70bf5f939,Jamie Walker,712020:c1a18936-7c41-4504-b38f-e0d70bf5f939,27/Apr/26 7:23 PM,27/Apr/26 9:28 PM,27/Apr/26 9:28 PM,,,0,"booking,agent","User Story:
As an agent, I want to create a booking request, so that I can request photography services for a property.

Acceptance Criteria:
1. Given I am authenticated, when I complete mandatory booking fields and submit, then a new booking request is created.
2. Given mandatory fields are missing, when I submit the form, then submission is blocked with clear validation messages.",,Jamie Walker,712020:c1a18936-7c41-4504-b38f-e0d70bf5f939,,,,,,,,,,,,,,,,,,,,com.atlassian.servicedesk.plugins.approvals.internal.customfield.ApprovalsCFValue@a5c8182,,,,,,,,,,,,,,,,,,,,,,,,,,,,,,,,,,,,,,,,,,,,,,,,,,,,,,0|i001vz:,,,,,,,,,,,,,,,,,,5.0,,,,,,,,,,,,,,10628,DAN-16,Booking Request Creation,To Do,27/Apr/26 7:23 PM
Enter Property Details,DAN-40,10652,Story,To Do,DAN,danpics,software,Jamie Walker,712020:c1a18936-7c41-4504-b38f-e0d70bf5f939,Your first project,Medium,,,,Jamie Walker,712020:c1a18936-7c41-4504-b38f-e0d70bf5f939,Jamie Walker,712020:c1a18936-7c41-4504-b38f-e0d70bf5f939,27/Apr/26 7:23 PM,27/Apr/26 9:28 PM,27/Apr/26 9:28 PM,,,0,"booking,agent","User Story:
As an agent, I want to enter property details in a booking, so that I can help the operations team schedule the service correctly.

Acceptance Criteria:
1. Given I am on the booking form, when I provide address and property details, then the data is saved with the booking request.
2. Given an invalid address format is entered, when I submit, then I receive a validation error.",,Jamie Walker,712020:c1a18936-7c41-4504-b38f-e0d70bf5f939,,,,,,,,,,,,,,,,,,,,com.atlassian.servicedesk.plugins.approvals.internal.customfield.ApprovalsCFValue@4b056be8,,,,,,,,,,,,,,,,,,,,,,,,,,,,,,,,,,,,,,,,,,,,,,,,,,,,,,0|i001w7:,,,,,,,,,,,,,,,,,,5.0,,,,,,,,,,,,,,10628,DAN-16,Booking Request Creation,To Do,27/Apr/26 7:23 PM
Select Preferred Date & Time,DAN-41,10653,Story,To Do,DAN,danpics,software,Jamie Walker,712020:c1a18936-7c41-4504-b38f-e0d70bf5f939,Your first project,Medium,,,,Jamie Walker,712020:c1a18936-7c41-4504-b38f-e0d70bf5f939,Jamie Walker,712020:c1a18936-7c41-4504-b38f-e0d70bf5f939,27/Apr/26 7:23 PM,27/Apr/26 9:28 PM,27/Apr/26 9:28 PM,,,0,"booking,agent","User Story:
As an agent, I want to submit preferred date and time information, so that I can help the team review scheduling intent.

Acceptance Criteria:
1. Given I enter preferred schedule details, when I submit the booking, then requested date and time are recorded.
2. Given date information is missing, when I submit the booking, then I am prompted to complete the schedule fields.",,Jamie Walker,712020:c1a18936-7c41-4504-b38f-e0d70bf5f939,,,,,,,,,,,,,,,,,,,,com.atlassian.servicedesk.plugins.approvals.internal.customfield.ApprovalsCFValue@130c3366,,,,,,,,,,,,,,,,,,,,,,,,,,,,,,,,,,,,,,,,,,,,,,,,,,,,,,0|i001wf:,,,,,,,,,,,,,,,,,,5.0,,,,,,,,,,,,,,10628,DAN-16,Booking Request Creation,To Do,27/Apr/26 7:23 PM
Choose Service Package,DAN-42,10654,Story,To Do,DAN,danpics,software,Jamie Walker,712020:c1a18936-7c41-4504-b38f-e0d70bf5f939,Your first project,Medium,,,,Jamie Walker,712020:c1a18936-7c41-4504-b38f-e0d70bf5f939,Jamie Walker,712020:c1a18936-7c41-4504-b38f-e0d70bf5f939,27/Apr/26 7:23 PM,27/Apr/26 9:28 PM,27/Apr/26 9:28 PM,,,0,"booking,services,agent","User Story:
As an agent, I want to choose a service or package, so that I can ensure my booking request matches the media services I need.

Acceptance Criteria:
1. Given service options are configured, when I select a service package, then the booking reflects the selected package.
2. Given no service is selected, when I submit, then the form returns a required-field validation message.",,Jamie Walker,712020:c1a18936-7c41-4504-b38f-e0d70bf5f939,,,,,,,,,,,,,,,,,,,,com.atlassian.servicedesk.plugins.approvals.internal.customfield.ApprovalsCFValue@3c361c85,,,,,,,,,,,,,,,,,,,,,,,,,,,,,,,,,,,,,,,,,,,,,,,,,,,,,,0|i001wn:,,,,,,,,,,,,,,,,,,5.0,,,,,,,,,,,,,,10628,DAN-16,Booking Request Creation,To Do,27/Apr/26 7:23 PM
Add Notes & Receive Submission Confirmation,DAN-43,10655,Story,To Do,DAN,danpics,software,Jamie Walker,712020:c1a18936-7c41-4504-b38f-e0d70bf5f939,Your first project,Medium,,,,Jamie Walker,712020:c1a18936-7c41-4504-b38f-e0d70bf5f939,Jamie Walker,712020:c1a18936-7c41-4504-b38f-e0d70bf5f939,27/Apr/26 7:23 PM,27/Apr/26 9:28 PM,27/Apr/26 9:28 PM,,,0,"booking,agent","User Story:
As an agent, I want to include booking notes and receive submission confirmation, so that I can share special instructions and know the request was received.

Acceptance Criteria:
1. Given I enter optional notes, when I submit the booking, then notes are attached to the request record.
2. Given submission succeeds, when the workflow completes, then I see a confirmation message with booking reference details.",,Jamie Walker,712020:c1a18936-7c41-4504-b38f-e0d70bf5f939,,,,,,,,,,,,,,,,,,,,com.atlassian.servicedesk.plugins.approvals.internal.customfield.ApprovalsCFValue@5288d7c7,,,,,,,,,,,,,,,,,,,,,,,,,,,,,,,,,,,,,,,,,,,,,,,,,,,,,,0|i001wv:,,,,,,,,,,,,,,,,,,5.0,,,,,,,,,,,,,,10628,DAN-16,Booking Request Creation,To Do,27/Apr/26 7:23 PM
View Booking List,DAN-44,10656,Story,To Do,DAN,danpics,software,Jamie Walker,712020:c1a18936-7c41-4504-b38f-e0d70bf5f939,Your first project,Medium,,,,Jamie Walker,712020:c1a18936-7c41-4504-b38f-e0d70bf5f939,Jamie Walker,712020:c1a18936-7c41-4504-b38f-e0d70bf5f939,27/Apr/26 7:23 PM,27/Apr/26 9:28 PM,27/Apr/26 9:28 PM,,,0,"booking,tracking,agent","User Story:
As an agent, I want to view a list of my bookings, so that I can quickly track current and historical requests.

Acceptance Criteria:
1. Given I have existing bookings, when I open the bookings screen, then I can see bookings ordered and identifiable.
2. Given no bookings exist, when I open the bookings screen, then I see an empty-state message.",,Jamie Walker,712020:c1a18936-7c41-4504-b38f-e0d70bf5f939,,,,,,,,,,,,,,,,,,,,com.atlassian.servicedesk.plugins.approvals.internal.customfield.ApprovalsCFValue@2ee9e76f,,,,,,,,,,,,,,,,,,,,,,,,,,,,,,,,,,,,,,,,,,,,,,,,,,,,,,0|i001x3:,,,,,,,,,,,,,,,,,,5.0,,,,,,,,,,,,,,10628,DAN-16,Booking Request Creation,To Do,27/Apr/26 7:23 PM
View Booking Details,DAN-45,10657,Story,To Do,DAN,danpics,software,Jamie Walker,712020:c1a18936-7c41-4504-b38f-e0d70bf5f939,Your first project,Medium,,,,Jamie Walker,712020:c1a18936-7c41-4504-b38f-e0d70bf5f939,Jamie Walker,712020:c1a18936-7c41-4504-b38f-e0d70bf5f939,27/Apr/26 7:23 PM,27/Apr/26 9:31 PM,27/Apr/26 9:28 PM,,,0,"booking,tracking,agent","User Story:
As an agent, I want to open detailed booking information, so that I can review service, property, and status specifics.

Acceptance Criteria:
1. Given a booking exists, when I open its detail view, then I can see full booking metadata and notes.
2. Given I open a booking detail, when data is loaded, then status and timeline information are visible.",,Jamie Walker,712020:c1a18936-7c41-4504-b38f-e0d70bf5f939,,,,,,,,,,,,,,,,,,,,com.atlassian.servicedesk.plugins.approvals.internal.customfield.ApprovalsCFValue@4e539f66,,,,,,,,,,,,,,,,,,,,,,,,,,,,,,,,,,,,,,,,,,,,,,,,,,,,,,0|i001xb:,,,,,,,,,,,,,,,,,,5.0,,,,,,,,,,,,,,10629,DAN-17,Booking Tracking & Status Management,To Do,27/Apr/26 7:23 PM
Track Booking Status Changes,DAN-46,10658,Story,To Do,DAN,danpics,software,Jamie Walker,712020:c1a18936-7c41-4504-b38f-e0d70bf5f939,Your first project,Medium,,,,Jamie Walker,712020:c1a18936-7c41-4504-b38f-e0d70bf5f939,Jamie Walker,712020:c1a18936-7c41-4504-b38f-e0d70bf5f939,27/Apr/26 7:23 PM,27/Apr/26 9:32 PM,27/Apr/26 9:32 PM,,,0,"booking,tracking,agent","User Story:
As an agent, I want to track booking status updates, so that I can understand booking progress without contacting admin.

Acceptance Criteria:
1. Given a booking status changes, when I view the booking, then the current status is updated.
2. Given status updates occur over time, when I check booking history, then I can see prior and current state transitions.",,Jamie Walker,712020:c1a18936-7c41-4504-b38f-e0d70bf5f939,,,,,,,,,,,,,,,,,,,,com.atlassian.servicedesk.plugins.approvals.internal.customfield.ApprovalsCFValue@3615da72,,,,,,,,,,,,,,,,,,,,,,,,,,,,,,,,,,,,,,,,,,,,,,,,,,,,,,0|i001xj:,,,,,,,,,,,,,,,,,,5.0,,,,,,,,,,,,,,10629,DAN-17,Booking Tracking & Status Management,To Do,27/Apr/26 7:23 PM
View Booking History,DAN-47,10659,Story,To Do,DAN,danpics,software,Jamie Walker,712020:c1a18936-7c41-4504-b38f-e0d70bf5f939,Your first project,Medium,,,,Jamie Walker,712020:c1a18936-7c41-4504-b38f-e0d70bf5f939,Jamie Walker,712020:c1a18936-7c41-4504-b38f-e0d70bf5f939,27/Apr/26 7:23 PM,27/Apr/26 9:32 PM,27/Apr/26 9:32 PM,,,0,"booking,tracking,agent","User Story:
As an agent, I want to view booking history records, so that I can reference prior actions and communications.

Acceptance Criteria:
1. Given booking events are logged, when I open booking history, then entries are shown in chronological order.
2. Given a booking has no history events, when I open the history tab, then I see a clear no-history state.",,Jamie Walker,712020:c1a18936-7c41-4504-b38f-e0d70bf5f939,,,,,,,,,,,,,,,,,,,,com.atlassian.servicedesk.plugins.approvals.internal.customfield.ApprovalsCFValue@3acb2b9a,,,,,,,,,,,,,,,,,,,,,,,,,,,,,,,,,,,,,,,,,,,,,,,,,,,,,,0|i001xr:,,,,,,,,,,,,,,,,,,5.0,,,,,,,,,,,,,,10630,DAN-18,Admin Booking Management Portal,To Do,27/Apr/26 7:23 PM
View Admin Booking Dashboard,DAN-48,10660,Story,To Do,DAN,danpics,software,Jamie Walker,712020:c1a18936-7c41-4504-b38f-e0d70bf5f939,Your first project,Medium,,,,Jamie Walker,712020:c1a18936-7c41-4504-b38f-e0d70bf5f939,Jamie Walker,712020:c1a18936-7c41-4504-b38f-e0d70bf5f939,27/Apr/26 7:23 PM,27/Apr/26 9:35 PM,27/Apr/26 9:32 PM,,,0,"admin,booking","User Story:
As an admin, I want to view a booking dashboard, so that I can monitor incoming and active requests in one place.

Acceptance Criteria:
1. Given bookings exist, when I open the admin dashboard, then I can see summary metrics and booking queues.
2. Given I need to prioritize work, when I review dashboard sections, then high-priority items are visible.",,Jamie Walker,712020:c1a18936-7c41-4504-b38f-e0d70bf5f939,,,,,,,,,,,,,,,,,,,,com.atlassian.servicedesk.plugins.approvals.internal.customfield.ApprovalsCFValue@55c8a04,,,,,,,,,,,,,,,,,,,,,,,,,,,,,,,,,,,,,,,,,,,,,,,,,,,,,,0|i001xz:,,,,,,,,,,,,,,,,,,3.0,,,,,,,,,,,,,,10630,DAN-18,Admin Booking Management Portal,To Do,27/Apr/26 7:23 PM
Review Incoming Booking Queue,DAN-49,10661,Story,To Do,DAN,danpics,software,Jamie Walker,712020:c1a18936-7c41-4504-b38f-e0d70bf5f939,Your first project,Medium,,,,Jamie Walker,712020:c1a18936-7c41-4504-b38f-e0d70bf5f939,Jamie Walker,712020:c1a18936-7c41-4504-b38f-e0d70bf5f939,27/Apr/26 7:23 PM,27/Apr/26 9:35 PM,27/Apr/26 9:35 PM,,,0,"admin,booking","User Story:
As an admin, I want to review incoming booking requests, so that I can triage and process requests efficiently.

Acceptance Criteria:
1. Given new requests are submitted, when I open the incoming queue, then unprocessed bookings are listed.
2. Given I select a queue item, when I open the request, then booking details are available for review.",,Jamie Walker,712020:c1a18936-7c41-4504-b38f-e0d70bf5f939,,,,,,,,,,,,,,,,,,,,com.atlassian.servicedesk.plugins.approvals.internal.customfield.ApprovalsCFValue@646fcb79,,,,,,,,,,,,,,,,,,,,,,,,,,,,,,,,,,,,,,,,,,,,,,,,,,,,,,0|i001y7:,,,,,,,,,,,,,,,,,,5.0,,,,,,,,,,,,,,10630,DAN-18,Admin Booking Management Portal,To Do,27/Apr/26 7:23 PM
Update Booking Status,DAN-50,10662,Story,To Do,DAN,danpics,software,Jamie Walker,712020:c1a18936-7c41-4504-b38f-e0d70bf5f939,Your first project,Medium,,,,Jamie Walker,712020:c1a18936-7c41-4504-b38f-e0d70bf5f939,Jamie Walker,712020:c1a18936-7c41-4504-b38f-e0d70bf5f939,27/Apr/26 7:23 PM,27/Apr/26 9:35 PM,27/Apr/26 9:35 PM,,,0,"admin,booking","User Story:
As an admin, I want to update booking statuses, so that I can keep agents informed with accurate progress for their requests.

Acceptance Criteria:
1. Given a booking is in review, when I set a new status, then the booking status is updated and saved.
2. Given a status update is made, when the agent views the booking, then the updated status is displayed.",,Jamie Walker,712020:c1a18936-7c41-4504-b38f-e0d70bf5f939,,,,,,,,,,,,,,,,,,,,com.atlassian.servicedesk.plugins.approvals.internal.customfield.ApprovalsCFValue@6628f6ce,,,,,,,,,,,,,,,,,,,,,,,,,,,,,,,,,,,,,,,,,,,,,,,,,,,,,,0|i001yf:,,,,,,,,,,,,,,,,,,3.0,,,,,,,,,,,,,,10630,DAN-18,Admin Booking Management Portal,To Do,27/Apr/26 7:23 PM
Add Admin Notes to Bookings,DAN-51,10663,Story,To Do,DAN,danpics,software,Jamie Walker,712020:c1a18936-7c41-4504-b38f-e0d70bf5f939,Your first project,Medium,,,,Jamie Walker,712020:c1a18936-7c41-4504-b38f-e0d70bf5f939,Jamie Walker,712020:c1a18936-7c41-4504-b38f-e0d70bf5f939,27/Apr/26 7:23 PM,27/Apr/26 9:35 PM,27/Apr/26 9:35 PM,,,0,"admin,booking","User Story:
As an admin, I want to add internal notes to bookings, so that I can preserve operational context for my team.

Acceptance Criteria:
1. Given I am viewing a booking, when I add an admin note, then the note is attached to the booking record.
2. Given multiple admins contribute notes, when notes are reviewed, then each entry shows author and timestamp.",,Jamie Walker,712020:c1a18936-7c41-4504-b38f-e0d70bf5f939,,,,,,,,,,,,,,,,,,,,com.atlassian.servicedesk.plugins.approvals.internal.customfield.ApprovalsCFValue@64d84e97,,,,,,,,,,,,,,,,,,,,,,,,,,,,,,,,,,,,,,,,,,,,,,,,,,,,,,0|i001yn:,,,,,,,,,,,,,,,,,,5.0,,,,,,,,,,,,,,10630,DAN-18,Admin Booking Management Portal,To Do,27/Apr/26 7:23 PM
Search & Filter Bookings,DAN-52,10664,Story,To Do,DAN,danpics,software,Jamie Walker,712020:c1a18936-7c41-4504-b38f-e0d70bf5f939,Your first project,Medium,,,,Jamie Walker,712020:c1a18936-7c41-4504-b38f-e0d70bf5f939,Jamie Walker,712020:c1a18936-7c41-4504-b38f-e0d70bf5f939,27/Apr/26 7:23 PM,27/Apr/26 9:35 PM,27/Apr/26 9:35 PM,,,0,"admin,booking","User Story:
As an admin, I want to search and filter bookings, so that I can quickly find the right records.

Acceptance Criteria:
1. Given many bookings exist, when I filter by status or date, then only matching records are shown.
2. Given I search by property or agent details, when I run search, then relevant bookings are returned.",,Jamie Walker,712020:c1a18936-7c41-4504-b38f-e0d70bf5f939,,,,,,,,,,,,,,,,,,,,com.atlassian.servicedesk.plugins.approvals.internal.customfield.ApprovalsCFValue@7ef67633,,,,,,,,,,,,,,,,,,,,,,,,,,,,,,,,,,,,,,,,,,,,,,,,,,,,,,0|i001yv:,,,,,,,,,,,,,,,,,,5.0,,,,,,,,,,,,,,10630,DAN-18,Admin Booking Management Portal,To Do,27/Apr/26 7:23 PM
Send Agent Enquiry on Booking,DAN-53,10665,Story,To Do,DAN,danpics,software,Jamie Walker,712020:c1a18936-7c41-4504-b38f-e0d70bf5f939,Your first project,Medium,,,,Jamie Walker,712020:c1a18936-7c41-4504-b38f-e0d70bf5f939,Jamie Walker,712020:c1a18936-7c41-4504-b38f-e0d70bf5f939,27/Apr/26 7:23 PM,27/Apr/26 9:35 PM,27/Apr/26 9:35 PM,,,0,"messaging,agent","User Story:
As an agent, I want to send an enquiry about a booking, so that I can request clarification or updates from admin.

Acceptance Criteria:
1. Given I am on a booking record, when I submit an enquiry, then the message is saved and visible to admin.
2. Given an enquiry is sent, when admin views booking communications, then the enquiry appears with timestamp.",,Jamie Walker,712020:c1a18936-7c41-4504-b38f-e0d70bf5f939,,,,,,,,,,,,,,,,,,,,com.atlassian.servicedesk.plugins.approvals.internal.customfield.ApprovalsCFValue@240afc5c,,,,,,,,,,,,,,,,,,,,,,,,,,,,,,,,,,,,,,,,,,,,,,,,,,,,,,0|i001z3:,,,,,,,,,,,,,,,,,,5.0,,,,,,,,,,,,,,10631,DAN-19,Messaging & Notifications,To Do,27/Apr/26 7:23 PM
Receive Booking Confirmation Notification,DAN-54,10666,Story,To Do,DAN,danpics,software,Jamie Walker,712020:c1a18936-7c41-4504-b38f-e0d70bf5f939,Your first project,Medium,,,,Jamie Walker,712020:c1a18936-7c41-4504-b38f-e0d70bf5f939,Jamie Walker,712020:c1a18936-7c41-4504-b38f-e0d70bf5f939,27/Apr/26 7:23 PM,27/Apr/26 9:35 PM,27/Apr/26 9:35 PM,,,0,"notifications,agent","User Story:
As an agent, I want to receive booking confirmation notifications, so that I can know when requests are accepted.

Acceptance Criteria:
1. Given a booking is confirmed, when notification processing runs, then a confirmation notification is sent to the agent.
2. Given a notification is delivered, when I check message content, then booking reference details are included.",,Jamie Walker,712020:c1a18936-7c41-4504-b38f-e0d70bf5f939,,,,,,,,,,,,,,,,,,,,com.atlassian.servicedesk.plugins.approvals.internal.customfield.ApprovalsCFValue@5b5e4a2,,,,,,,,,,,,,,,,,,,,,,,,,,,,,,,,,,,,,,,,,,,,,,,,,,,,,,0|i001zb:,,,,,,,,,,,,,,,,,,3.0,,,,,,,,,,,,,,10631,DAN-19,Messaging & Notifications,To Do,27/Apr/26 7:23 PM
Receive Booking Status Change Notification,DAN-55,10667,Story,To Do,DAN,danpics,software,Jamie Walker,712020:c1a18936-7c41-4504-b38f-e0d70bf5f939,Your first project,Medium,,,,Jamie Walker,712020:c1a18936-7c41-4504-b38f-e0d70bf5f939,Jamie Walker,712020:c1a18936-7c41-4504-b38f-e0d70bf5f939,27/Apr/26 7:23 PM,27/Apr/26 9:36 PM,27/Apr/26 9:36 PM,,,0,"notifications,agent","User Story:
As an agent, I want to receive notifications when booking status changes, so that I can stay informed without checking manually.

Acceptance Criteria:
1. Given booking status changes, when notification rules are evaluated, then the agent receives a status-change alert.
2. Given multiple status events occur, when I review notifications, then each event is represented once.",,Jamie Walker,712020:c1a18936-7c41-4504-b38f-e0d70bf5f939,,,,,,,,,,,,,,,,,,,,com.atlassian.servicedesk.plugins.approvals.internal.customfield.ApprovalsCFValue@4f8a1651,,,,,,,,,,,,,,,,,,,,,,,,,,,,,,,,,,,,,,,,,,,,,,,,,,,,,,0|i001zj:,,,,,,,,,,,,,,,,,,3.0,,,,,,,,,,,,,,10631,DAN-19,Messaging & Notifications,To Do,27/Apr/26 7:23 PM
Trigger Email Notifications for Booking Events,DAN-56,10668,Story,To Do,DAN,danpics,software,Jamie Walker,712020:c1a18936-7c41-4504-b38f-e0d70bf5f939,Your first project,Medium,,,,Jamie Walker,712020:c1a18936-7c41-4504-b38f-e0d70bf5f939,Jamie Walker,712020:c1a18936-7c41-4504-b38f-e0d70bf5f939,27/Apr/26 7:23 PM,27/Apr/26 9:36 PM,27/Apr/26 9:36 PM,,,0,"notifications,email","User Story:
As an operations manager, I want to trigger email notifications for booking events, so that I can keep communication consistent and auditable.

Acceptance Criteria:
1. Given a configured booking event occurs, when notification logic executes, then an email is queued to the intended recipient.
2. Given email delivery succeeds, when event logs are reviewed, then the notification outcome is recorded.",,Jamie Walker,712020:c1a18936-7c41-4504-b38f-e0d70bf5f939,,,,,,,,,,,,,,,,,,,,com.atlassian.servicedesk.plugins.approvals.internal.customfield.ApprovalsCFValue@69805100,,,,,,,,,,,,,,,,,,,,,,,,,,,,,,,,,,,,,,,,,,,,,,,,,,,,,,0|i001zr:,,,,,,,,,,,,,,,,,,3.0,,,,,,,,,,,,,,10631,DAN-19,Messaging & Notifications,To Do,27/Apr/26 7:23 PM
Manage Service Catalogue,DAN-57,10669,Story,To Do,DAN,danpics,software,Jamie Walker,712020:c1a18936-7c41-4504-b38f-e0d70bf5f939,Your first project,Medium,,,,Jamie Walker,712020:c1a18936-7c41-4504-b38f-e0d70bf5f939,Jamie Walker,712020:c1a18936-7c41-4504-b38f-e0d70bf5f939,27/Apr/26 7:23 PM,27/Apr/26 9:36 PM,27/Apr/26 9:36 PM,,,0,"services,admin","User Story:
As an admin, I want to manage the service catalogue, so that I can keep available offerings current.

Acceptance Criteria:
1. Given admin access is granted, when I create or edit a service, then the catalogue updates successfully.
2. Given a service is deactivated, when agents create bookings, then the inactive service cannot be selected.",,Jamie Walker,712020:c1a18936-7c41-4504-b38f-e0d70bf5f939,,,,,,,,,,,,,,,,,,,,com.atlassian.servicedesk.plugins.approvals.internal.customfield.ApprovalsCFValue@62ef71e2,,,,,,,,,,,,,,,,,,,,,,,,,,,,,,,,,,,,,,,,,,,,,,,,,,,,,,0|i001zz:,,,,,,,,,,,,,,,,,,5.0,,,,,,,,,,,,,,10632,DAN-20,"Services, Packages & Pricing Rules",To Do,27/Apr/26 7:23 PM
Configure Service Packages,DAN-58,10670,Story,To Do,DAN,danpics,software,Jamie Walker,712020:c1a18936-7c41-4504-b38f-e0d70bf5f939,Your first project,Medium,,,,Jamie Walker,712020:c1a18936-7c41-4504-b38f-e0d70bf5f939,Jamie Walker,712020:c1a18936-7c41-4504-b38f-e0d70bf5f939,27/Apr/26 7:23 PM,27/Apr/26 9:36 PM,27/Apr/26 9:36 PM,,,0,"services,packages,admin","User Story:
As an admin, I want to configure service packages, so that I can sell bundled offerings consistently.

Acceptance Criteria:
1. Given package settings are available, when I define package contents, then package selections persist.
2. Given an agent selects a package, when booking summary is shown, then included services are clearly listed.",,Jamie Walker,712020:c1a18936-7c41-4504-b38f-e0d70bf5f939,,,,,,,,,,,,,,,,,,,,com.atlassian.servicedesk.plugins.approvals.internal.customfield.ApprovalsCFValue@162b9300,,,,,,,,,,,,,,,,,,,,,,,,,,,,,,,,,,,,,,,,,,,,,,,,,,,,,,0|i00207:,,,,,,,,,,,,,,,,,,5.0,,,,,,,,,,,,,,10632,DAN-20,"Services, Packages & Pricing Rules",To Do,27/Apr/26 7:23 PM
Apply Special Agent Pricing,DAN-59,10671,Story,To Do,DAN,danpics,software,Jamie Walker,712020:c1a18936-7c41-4504-b38f-e0d70bf5f939,Your first project,Medium,,,,Jamie Walker,712020:c1a18936-7c41-4504-b38f-e0d70bf5f939,Jamie Walker,712020:c1a18936-7c41-4504-b38f-e0d70bf5f939,27/Apr/26 7:23 PM,27/Apr/26 9:36 PM,27/Apr/26 9:36 PM,,,0,"pricing,admin","User Story:
As an admin, I want to apply special pricing rules for selected agents, so that I can honor negotiated pricing.

Acceptance Criteria:
1. Given an agent has a special pricing profile, when they select a service, then the configured special price is applied.
2. Given no special pricing is configured, when an agent books a service, then standard pricing is used.",,Jamie Walker,712020:c1a18936-7c41-4504-b38f-e0d70bf5f939,,,,,,,,,,,,,,,,,,,,com.atlassian.servicedesk.plugins.approvals.internal.customfield.ApprovalsCFValue@75a894b2,,,,,,,,,,,,,,,,,,,,,,,,,,,,,,,,,,,,,,,,,,,,,,,,,,,,,,0|i0020f:,,,,,,,,,,,,,,,,,,5.0,,,,,,,,,,,,,,10632,DAN-20,"Services, Packages & Pricing Rules",To Do,27/Apr/26 7:23 PM
Display Pricing Breakdown,DAN-60,10672,Story,To Do,DAN,danpics,software,Jamie Walker,712020:c1a18936-7c41-4504-b38f-e0d70bf5f939,Your first project,Medium,,,,Jamie Walker,712020:c1a18936-7c41-4504-b38f-e0d70bf5f939,Jamie Walker,712020:c1a18936-7c41-4504-b38f-e0d70bf5f939,27/Apr/26 7:23 PM,27/Apr/26 9:36 PM,27/Apr/26 9:36 PM,,,0,"pricing,agent","User Story:
As an agent, I want to see a pricing breakdown before submission, so that I can verify expected costs.

Acceptance Criteria:
1. Given a service or package is selected, when I view booking summary, then line-item pricing is displayed.
2. Given pricing rules change, when I refresh the booking summary, then updated pricing is reflected.",,Jamie Walker,712020:c1a18936-7c41-4504-b38f-e0d70bf5f939,,,,,,,,,,,,,,,,,,,,com.atlassian.servicedesk.plugins.approvals.internal.customfield.ApprovalsCFValue@3efa953e,,,,,,,,,,,,,,,,,,,,,,,,,,,,,,,,,,,,,,,,,,,,,,,,,,,,,,0|i0020n:,,,,,,,,,,,,,,,,,,5.0,,,,,,,,,,,,,,10632,DAN-20,"Services, Packages & Pricing Rules",To Do,27/Apr/26 7:23 PM
Upload Floor Plan File,DAN-61,10673,Story,To Do,DAN,danpics,software,Jamie Walker,712020:c1a18936-7c41-4504-b38f-e0d70bf5f939,Your first project,Medium,,,,Jamie Walker,712020:c1a18936-7c41-4504-b38f-e0d70bf5f939,Jamie Walker,712020:c1a18936-7c41-4504-b38f-e0d70bf5f939,27/Apr/26 7:23 PM,27/Apr/26 9:36 PM,27/Apr/26 9:36 PM,,,0,"integration,barfoot,floor-plan","User Story:
As an admin user, I want to upload a floor plan image file, so that I can prepare listing media for publication.

Acceptance Criteria:
1. Given I am on the floor plan upload screen, when I upload a valid JPEG file, then the file is stored and marked ready for mapping.
2. Given I upload an unsupported file type, when validation runs, then upload is rejected with a clear error.",,Jamie Walker,712020:c1a18936-7c41-4504-b38f-e0d70bf5f939,,,,,,,,,,,,,,,,,,,,com.atlassian.servicedesk.plugins.approvals.internal.customfield.ApprovalsCFValue@5e17b8d3,,,,,,,,,,,,,,,,,,,,,,,,,,,,,,,,,,,,,,,,,,,,,,,,,,,,,,0|i0020v:,,,,,,,,,,,,,,,,,,3.0,,,,,,,,,,,,,,10633,DAN-21,Floor Plan Upload & Barfoot Integration,To Do,27/Apr/26 7:23 PM
Enter Barfoot Listing ID,DAN-62,10674,Story,To Do,DAN,danpics,software,Jamie Walker,712020:c1a18936-7c41-4504-b38f-e0d70bf5f939,Your first project,Medium,,,,Jamie Walker,712020:c1a18936-7c41-4504-b38f-e0d70bf5f939,Jamie Walker,712020:c1a18936-7c41-4504-b38f-e0d70bf5f939,27/Apr/26 7:23 PM,27/Apr/26 9:36 PM,27/Apr/26 9:36 PM,,,0,"integration,barfoot,floor-plan","User Story:
As an admin user, I want to enter a Barfoot listing ID for an uploaded floor plan, so that I can map the media to the correct listing.

Acceptance Criteria:
1. Given a floor plan upload exists, when I enter a valid listing ID, then the system associates the floor plan with that listing reference.
2. Given the listing ID format is invalid, when I submit the mapping form, then I receive validation feedback.",,Jamie Walker,712020:c1a18936-7c41-4504-b38f-e0d70bf5f939,,,,,,,,,,,,,,,,,,,,com.atlassian.servicedesk.plugins.approvals.internal.customfield.ApprovalsCFValue@1971dab4,,,,,,,,,,,,,,,,,,,,,,,,,,,,,,,,,,,,,,,,,,,,,,,,,,,,,,0|i00213:,,,,,,,,,,,,,,,,,,3.0,,,,,,,,,,,,,,10633,DAN-21,Floor Plan Upload & Barfoot Integration,To Do,27/Apr/26 7:23 PM
Push Floor Plan to Barfoot Listing,DAN-63,10675,Story,To Do,DAN,danpics,software,Jamie Walker,712020:c1a18936-7c41-4504-b38f-e0d70bf5f939,Your first project,Medium,,,,Jamie Walker,712020:c1a18936-7c41-4504-b38f-e0d70bf5f939,Jamie Walker,712020:c1a18936-7c41-4504-b38f-e0d70bf5f939,27/Apr/26 7:23 PM,27/Apr/26 9:36 PM,27/Apr/26 9:36 PM,,,0,"integration,barfoot,floor-plan","User Story:
As an admin user, I want to push a mapped floor plan to a Barfoot listing, so that I can publish the floor plan into the listing media tabs.

Acceptance Criteria:
1. Given a floor plan is mapped to a valid listing ID, when I trigger push to listing, then the integration sends the floor plan to Barfoot successfully.
2. Given push succeeds, when I review integration logs, then I can see a success response recorded.",,Jamie Walker,712020:c1a18936-7c41-4504-b38f-e0d70bf5f939,,,,,,,,,,,,,,,,,,,,com.atlassian.servicedesk.plugins.approvals.internal.customfield.ApprovalsCFValue@2b0c2c69,,,,,,,,,,,,,,,,,,,,,,,,,,,,,,,,,,,,,,,,,,,,,,,,,,,,,,0|i0021b:,,,,,,,,,,,,,,,,,,5.0,,,,,,,,,,,,,,10633,DAN-21,Floor Plan Upload & Barfoot Integration,To Do,27/Apr/26 7:23 PM
Replace Existing Floor Plan,DAN-64,10676,Story,To Do,DAN,danpics,software,Jamie Walker,712020:c1a18936-7c41-4504-b38f-e0d70bf5f939,Your first project,Medium,,,,Jamie Walker,712020:c1a18936-7c41-4504-b38f-e0d70bf5f939,Jamie Walker,712020:c1a18936-7c41-4504-b38f-e0d70bf5f939,27/Apr/26 7:23 PM,27/Apr/26 9:36 PM,27/Apr/26 9:36 PM,,,0,"integration,barfoot,floor-plan","User Story:
As an admin user, I want to replace an existing floor plan for a listing, so that I can correct outdated or incorrect floor plan media.

Acceptance Criteria:
1. Given a listing already has a floor plan, when I upload a replacement and push again, then the listing shows the updated floor plan.
2. Given replacement fails, when I review the push result, then an actionable error message is shown.",,Jamie Walker,712020:c1a18936-7c41-4504-b38f-e0d70bf5f939,,,,,,,,,,,,,,,,,,,,com.atlassian.servicedesk.plugins.approvals.internal.customfield.ApprovalsCFValue@4d6ccded,,,,,,,,,,,,,,,,,,,,,,,,,,,,,,,,,,,,,,,,,,,,,,,,,,,,,,0|i0021j:,,,,,,,,,,,,,,,,,,3.0,,,,,,,,,,,,,,10633,DAN-21,Floor Plan Upload & Barfoot Integration,To Do,27/Apr/26 7:23 PM
Validate Barfoot Integration Access & Testing,DAN-65,10677,Story,To Do,DAN,danpics,software,Jamie Walker,712020:c1a18936-7c41-4504-b38f-e0d70bf5f939,Your first project,Medium,,,,Jamie Walker,712020:c1a18936-7c41-4504-b38f-e0d70bf5f939,Jamie Walker,712020:c1a18936-7c41-4504-b38f-e0d70bf5f939,27/Apr/26 7:23 PM,27/Apr/26 9:37 PM,27/Apr/26 9:37 PM,,,0,"integration,barfoot,testing","User Story:
As a technical administrator, I want to validate API access and integration tests with Barfoot, so that I can confirm only authorized publishing actions are permitted.

Acceptance Criteria:
1. Given integration credentials are configured, when connection validation runs, then authorized access status is returned.
2. Given test payloads are submitted, when integration tests execute, then expected responses are logged for pass or fail outcomes.",,Jamie Walker,712020:c1a18936-7c41-4504-b38f-e0d70bf5f939,,,,,,,,,,,,,,,,,,,,com.atlassian.servicedesk.plugins.approvals.internal.customfield.ApprovalsCFValue@10fa017a,,,,,,,,,,,,,,,,,,,,,,,,,,,,,,,,,,,,,,,,,,,,,,,,,,,,,,0|i0021r:,,,,,,,,,,,,,,,,,,5.0,,,,,,,,,,,,,,10633,DAN-21,Floor Plan Upload & Barfoot Integration,To Do,27/Apr/26 7:23 PM
Discover Ubookr Integration Requirements,DAN-66,10678,Story,To Do,DAN,danpics,software,Jamie Walker,712020:c1a18936-7c41-4504-b38f-e0d70bf5f939,Your first project,Medium,,,,Jamie Walker,712020:c1a18936-7c41-4504-b38f-e0d70bf5f939,Jamie Walker,712020:c1a18936-7c41-4504-b38f-e0d70bf5f939,27/Apr/26 7:23 PM,27/Apr/26 9:37 PM,27/Apr/26 9:37 PM,,,0,"integration,ubookr,discovery","User Story:
As a product owner, I want to assess Ubookr integration requirements, so that I can decide the scope and priority of external booking sync.

Acceptance Criteria:
1. Given discovery activities are completed, when I review findings, then integration feasibility, constraints, and dependencies are documented.
2. Given scope planning is underway, when optional integrations are reviewed, then Ubookr work is clearly marked as optional phase.",,Jamie Walker,712020:c1a18936-7c41-4504-b38f-e0d70bf5f939,,,,,,,,,,,,,,,,,,,,com.atlassian.servicedesk.plugins.approvals.internal.customfield.ApprovalsCFValue@67a8671c,,,,,,,,,,,,,,,,,,,,,,,,,,,,,,,,,,,,,,,,,,,,,,,,,,,,,,0|i0021z:,,,,,,,,,,,,,,,,,,3.0,,,,,,,,,,,,,,10634,DAN-22,Ubookr Third-Party Integration,To Do,27/Apr/26 7:23 PM
Sync Booking Data with Ubookr,DAN-67,10679,Story,To Do,DAN,danpics,software,Jamie Walker,712020:c1a18936-7c41-4504-b38f-e0d70bf5f939,Your first project,Medium,,,,Jamie Walker,712020:c1a18936-7c41-4504-b38f-e0d70bf5f939,Jamie Walker,712020:c1a18936-7c41-4504-b38f-e0d70bf5f939,27/Apr/26 7:23 PM,27/Apr/26 9:37 PM,27/Apr/26 9:37 PM,,,0,"integration,ubookr","User Story:
As an operations administrator, I want to sync booking data with Ubookr, so that I can reflect external booking changes without manual re-entry.

Acceptance Criteria:
1. Given sync configuration is active, when eligible booking data changes, then updates are sent to Ubookr.
2. Given sync succeeds, when audit logs are inspected, then each synced event includes timestamp and status.",,Jamie Walker,712020:c1a18936-7c41-4504-b38f-e0d70bf5f939,,,,,,,,,,,,,,,,,,,,com.atlassian.servicedesk.plugins.approvals.internal.customfield.ApprovalsCFValue@6ebe9133,,,,,,,,,,,,,,,,,,,,,,,,,,,,,,,,,,,,,,,,,,,,,,,,,,,,,,0|i00227:,,,,,,,,,,,,,,,,,,3.0,,,,,,,,,,,,,,10634,DAN-22,Ubookr Third-Party Integration,To Do,27/Apr/26 7:23 PM
Handle Ubookr Integration Errors,DAN-68,10680,Story,To Do,DAN,danpics,software,Jamie Walker,712020:c1a18936-7c41-4504-b38f-e0d70bf5f939,Your first project,Medium,,,,Jamie Walker,712020:c1a18936-7c41-4504-b38f-e0d70bf5f939,Jamie Walker,712020:c1a18936-7c41-4504-b38f-e0d70bf5f939,27/Apr/26 7:23 PM,27/Apr/26 9:37 PM,27/Apr/26 9:37 PM,,,0,"integration,ubookr","User Story:
As a support administrator, I want to capture and surface integration errors, so that I can resolve sync failures quickly.

Acceptance Criteria:
1. Given an external sync call fails, when error handling executes, then failure reason and retry status are logged.
2. Given unresolved failures exist, when I review integration health, then failed items are visible for manual follow-up.",,Jamie Walker,712020:c1a18936-7c41-4504-b38f-e0d70bf5f939,,,,,,,,,,,,,,,,,,,,com.atlassian.servicedesk.plugins.approvals.internal.customfield.ApprovalsCFValue@4043320a,,,,,,,,,,,,,,,,,,,,,,,,,,,,,,,,,,,,,,,,,,,,,,,,,,,,,,0|i0022f:,,,,,,,,,,,,,,,,,,5.0,,,,,,,,,,,,,,10634,DAN-22,Ubookr Third-Party Integration,To Do,27/Apr/26 7:23 PM
Execute Functional & Device Testing,DAN-69,10681,Story,To Do,DAN,danpics,software,Jamie Walker,712020:c1a18936-7c41-4504-b38f-e0d70bf5f939,Your first project,Medium,,,,Jamie Walker,712020:c1a18936-7c41-4504-b38f-e0d70bf5f939,Jamie Walker,712020:c1a18936-7c41-4504-b38f-e0d70bf5f939,27/Apr/26 7:23 PM,27/Apr/26 9:37 PM,27/Apr/26 9:37 PM,,,0,"qa,testing","User Story:
As a QA engineer, I want to run functional and device testing, so that I can validate system behavior before release.

Acceptance Criteria:
1. Given test plans are defined, when I execute functional tests, then pass and fail outcomes are recorded.
2. Given target devices are available, when device tests run, then compatibility results are captured for release review.",,Jamie Walker,712020:c1a18936-7c41-4504-b38f-e0d70bf5f939,,,,,,,,,,,,,,,,,,,,com.atlassian.servicedesk.plugins.approvals.internal.customfield.ApprovalsCFValue@2e7b02ec,,,,,,,,,,,,,,,,,,,,,,,,,,,,,,,,,,,,,,,,,,,,,,,,,,,,,,0|i0022n:,,,,,,,,,,,,,,,,,,5.0,,,,,,,,,,,,,,10635,DAN-23,"QA, UAT & Release Readiness",To Do,27/Apr/26 7:23 PM
Remediate QA & UAT Defects,DAN-70,10682,Story,To Do,DAN,danpics,software,Jamie Walker,712020:c1a18936-7c41-4504-b38f-e0d70bf5f939,Your first project,Medium,,,,Jamie Walker,712020:c1a18936-7c41-4504-b38f-e0d70bf5f939,Jamie Walker,712020:c1a18936-7c41-4504-b38f-e0d70bf5f939,27/Apr/26 7:23 PM,27/Apr/26 9:37 PM,27/Apr/26 9:37 PM,,,0,"qa,defects","User Story:
As a developer, I want to remediate validated defects from QA and UAT, so that I can improve release quality.

Acceptance Criteria:
1. Given defects are prioritized, when fixes are implemented, then issue statuses move to resolved with verification evidence.
2. Given a defect is fixed, when regression checks run, then impacted workflows continue to behave as expected.",,Jamie Walker,712020:c1a18936-7c41-4504-b38f-e0d70bf5f939,,,,,,,,,,,,,,,,,,,,com.atlassian.servicedesk.plugins.approvals.internal.customfield.ApprovalsCFValue@6580068e,,,,,,,,,,,,,,,,,,,,,,,,,,,,,,,,,,,,,,,,,,,,,,,,,,,,,,0|i0022v:,,,,,,,,,,,,,,,,,,5.0,,,,,,,,,,,,,,10635,DAN-23,"QA, UAT & Release Readiness",To Do,27/Apr/26 7:23 PM
Run User Acceptance Testing,DAN-71,10683,Story,To Do,DAN,danpics,software,Jamie Walker,712020:c1a18936-7c41-4504-b38f-e0d70bf5f939,Your first project,Medium,,,,Jamie Walker,712020:c1a18936-7c41-4504-b38f-e0d70bf5f939,Jamie Walker,712020:c1a18936-7c41-4504-b38f-e0d70bf5f939,27/Apr/26 7:23 PM,27/Apr/26 9:37 PM,27/Apr/26 9:37 PM,,,0,"qa,uat","User Story:
As a business stakeholder, I want to perform user acceptance testing, so that I can confirm the product meets agreed requirements.

Acceptance Criteria:
1. Given UAT scenarios are prepared, when stakeholders execute tests, then acceptance outcomes are documented.
2. Given blocking issues are found, when UAT concludes, then release readiness is marked pending until resolution.",,Jamie Walker,712020:c1a18936-7c41-4504-b38f-e0d70bf5f939,,,,,,,,,,,,,,,,,,,,com.atlassian.servicedesk.plugins.approvals.internal.customfield.ApprovalsCFValue@2fe9fb7c,,,,,,,,,,,,,,,,,,,,,,,,,,,,,,,,,,,,,,,,,,,,,,,,,,,,,,0|i00233:,,,,,,,,,,,,,,,,,,5.0,,,,,,,,,,,,,,10635,DAN-23,"QA, UAT & Release Readiness",To Do,27/Apr/26 7:23 PM
Complete Release Readiness Checklist,DAN-72,10684,Story,To Do,DAN,danpics,software,Jamie Walker,712020:c1a18936-7c41-4504-b38f-e0d70bf5f939,Your first project,Medium,,,,Jamie Walker,712020:c1a18936-7c41-4504-b38f-e0d70bf5f939,Jamie Walker,712020:c1a18936-7c41-4504-b38f-e0d70bf5f939,27/Apr/26 7:23 PM,27/Apr/26 9:38 PM,27/Apr/26 9:38 PM,,,0,"qa,release","User Story:
As a release manager, I want to complete a release readiness checklist, so that I can ensure launch prerequisites are met.

Acceptance Criteria:
1. Given QA and UAT activities are complete, when I review the checklist, then all required approvals and artifacts are present.
2. Given any required item is missing, when checklist validation runs, then release is blocked with clear remediation actions.",,Jamie Walker,712020:c1a18936-7c41-4504-b38f-e0d70bf5f939,,,,,,,,,,,,,,,,,,,,com.atlassian.servicedesk.plugins.approvals.internal.customfield.ApprovalsCFValue@113da16e,,,,,,,,,,,,,,,,,,,,,,,,,,,,,,,,,,,,,,,,,,,,,,,,,,,,,,0|i0023b:,,,,,,,,,,,,,,,,,,5.0,,,,,,,,,,,,,,10635,DAN-23,"QA, UAT & Release Readiness",To Do,27/Apr/26 7:23 PM
Deploy to Production,DAN-73,10685,Story,To Do,DAN,danpics,software,Jamie Walker,712020:c1a18936-7c41-4504-b38f-e0d70bf5f939,Your first project,Medium,,,,Jamie Walker,712020:c1a18936-7c41-4504-b38f-e0d70bf5f939,Jamie Walker,712020:c1a18936-7c41-4504-b38f-e0d70bf5f939,27/Apr/26 7:23 PM,27/Apr/26 9:37 PM,27/Apr/26 9:37 PM,,,0,"deployment,launch","User Story:
As a DevOps engineer, I want to deploy the application to production, so that I can make the live platform available to end users.

Acceptance Criteria:
1. Given release approval is granted, when deployment executes, then production services are updated successfully.
2. Given deployment completes, when post-deploy checks run, then core workflows are operational.",,Jamie Walker,712020:c1a18936-7c41-4504-b38f-e0d70bf5f939,,,,,,,,,,,,,,,,,,,,com.atlassian.servicedesk.plugins.approvals.internal.customfield.ApprovalsCFValue@4453422,,,,,,,,,,,,,,,,,,,,,,,,,,,,,,,,,,,,,,,,,,,,,,,,,,,,,,0|i0023j:,,,,,,,,,,,,,,,,,,5.0,,,,,,,,,,,,,,10636,DAN-24,Launch & Deployment,To Do,27/Apr/26 7:23 PM
Execute Go-Live Support,DAN-74,10686,Story,To Do,DAN,danpics,software,Jamie Walker,712020:c1a18936-7c41-4504-b38f-e0d70bf5f939,Your first project,Medium,,,,Jamie Walker,712020:c1a18936-7c41-4504-b38f-e0d70bf5f939,Jamie Walker,712020:c1a18936-7c41-4504-b38f-e0d70bf5f939,27/Apr/26 7:23 PM,27/Apr/26 9:37 PM,27/Apr/26 9:38 PM,,,0,"launch,support","User Story:
As a support lead, I want to provide go-live support and monitoring, so that I can stabilize the platform during launch.

Acceptance Criteria:
1. Given the application is live, when monitoring dashboards are observed, then incidents are identified promptly.
2. Given launch issues occur, when support triage is performed, then resolution actions are tracked to closure.",,Jamie Walker,712020:c1a18936-7c41-4504-b38f-e0d70bf5f939,,,,,,,,,,,,,,,,,,,,com.atlassian.servicedesk.plugins.approvals.internal.customfield.ApprovalsCFValue@788fdc8c,,,,,,,,,,,,,,,,,,,,,,,,,,,,,,,,,,,,,,,,,,,,,,,,,,,,,,0|i0023r:,,,,,,,,,,,,,,,,,,5.0,,,,,,,,,,,,,,10636,DAN-24,Launch & Deployment,To Do,27/Apr/26 7:23 PM
Prepare Handover Documentation,DAN-75,10687,Story,To Do,DAN,danpics,software,Jamie Walker,712020:c1a18936-7c41-4504-b38f-e0d70bf5f939,Your first project,Medium,,,,Jamie Walker,712020:c1a18936-7c41-4504-b38f-e0d70bf5f939,Jamie Walker,712020:c1a18936-7c41-4504-b38f-e0d70bf5f939,27/Apr/26 7:23 PM,27/Apr/26 9:38 PM,27/Apr/26 9:38 PM,,,0,"launch,documentation","User Story:
As a project manager, I want to provide handover documentation, so that I can enable operations teams to maintain the platform after launch.

Acceptance Criteria:
1. Given production deployment is complete, when handover docs are delivered, then support contacts, runbooks, and key procedures are included.
2. Given operations ownership transitions, when teams review documentation, then they can execute routine support tasks.",,Jamie Walker,712020:c1a18936-7c41-4504-b38f-e0d70bf5f939,,,,,,,,,,,,,,,,,,,,com.atlassian.servicedesk.plugins.approvals.internal.customfield.ApprovalsCFValue@fa7926c,,,,,,,,,,,,,,,,,,,,,,,,,,,,,,,,,,,,,,,,,,,,,,,,,,,,,,0|i0023z:,,,,,,,,,,,,,,,,,,3.0,,,,,,,,,,,,,,10636,DAN-24,Launch & Deployment,To Do,27/Apr/26 7:23 PM
